batch_id,max_abs_mass_err_mg,mean_abs_mass_err_mg
B1,0.010000000000001563,0.008000000000000718
B2,0.009999999999994458,0.004000000000001158
B3,0.010000000000000009,0.0020000000000031993
B4,0.010000000000004672,0.004000000000000892
B5,0.009999999999994458,0.0020000000000023554
