conc_known,mean_bias_pct,sd_bias_pct,rmse_od
0.1,98.0103756420983,89.9428786736703,0.04706044851471066
0.5,-17.82426133972724,33.04825565359736,0.04564032767072227
1,9.006985792717774,16.527981449949884,0.0429331483224085
5,-2.3711813167847735,7.144774505025529,0.037114483585637015
10,2.762063636658816,5.2696370173793685,0.023696921150535392
50,14.966913663281483,74.5578610358426,0.0782207657636191
100,-12.923231309529708,22.383693226070086,0.03696781477080192
